/lCfKAAFyANPFn04xOPqazd8jwnc.jpg,The Grinch,360920,90,75000000,11/8/2018,Animation,The Grinch hatches a scheme to ruin Christmas when the residents of Whoville plan their annual holiday celebration.,"(['Benedict Cumberbatch', 'Cameron Seely', 'Rashida Jones', 'Angela Lansbury', 'Kenan Thompson'],)","['/wz3MRiMmoz6b5X3oSzMRC9nLxY1.jpg', '/wpo7g3DdcOBkkgZJPBAsXwpkZ1b.jpg', '/jjp33eRM6oavyesW0UM6XBCxQSa.jpg', '/vHnkT39YwSRVoiFbvG7wFqwXA2Y.jpg', '/As3n7ZdAoUnaB39Jl19eJBZOPbl.jpg']"
/lHu1wtNaczFPGFDTrjCSzeLPTKN.jpg,Bohemian Rhapsody,424694,135,52000000,10/24/2018,Drama,Singer Freddie Mercury guitarist Brian May drummer Roger Taylor and bass guitarist John Deacon take the music world by storm when they form the rock n roll band Queen in 1970. Hit songs become instant classics. When Mercurys increasingly wild lifestyle starts to spiral out of control Queen soon faces its greatest challenge yet – finding a way to keep the band together amid the success and excess.,"(['Rami Malek', 'Gwilym Lee', 'Ben Hardy', 'Joseph Mazzello', 'Lucy Boynton'],)","['/zvBCjFmedqXRqa45jlLf6vBd9Nt.jpg', '/k6geayRL4wHLboFZpQYdkouQpvJ.jpg', '/Bge1QhTCTziGLI63eua04kdTK9.jpg', '/44gsv7TlXOOKDGg5aRtqxZjM9ae.jpg', '/znBMEv0NmBewhZWHUopmzEIYVyY.jpg']"
/OphaHihfuXhUGmpNIRIsO3oMgm.jpg,The Nutcracker and the Four Realms,426543,93,120000000,10/26/2018,Fantasy,A young girl is transported into a magical world of gingerbread soldiers and an army of mice.,"(['Mackenzie Foy', 'Keira Knightley', 'Morgan Freeman', 'Helen Mirren', 'Matthew Macfadyen'],)","['/6Ef0vpRGuTE8rFaorCQID6tpJIP.jpg', '/pxzcVzTyJBKwfuyRLDtax1Jmr7o.jpg', '/oGJQhOpT8S1M56tvSsbEBePV5O1.jpg', '/4EGgBJPUBz68ZrnFuLVo01r0uND.jpg', '/2FF3Yjxd7DYR4EIJL6s2GpKDMkJ.jpg']"
/l76Rgp32z2UxjULApxGXAPpYdAP.jpg,Overlord,438799,110,38000000,11/1/2018,Action,On the eve of D-Day during World War II American paratroopers are caught behind enemy lines after their plane crashes on a mission to destroy a German Radio Tower in a small town outside of Normandy. After reaching their target the paratroopers come to realize that besides fighting off Nazi soldiers they also must fight against horrifying bloody and violent creatures that are a result of a secret Nazi experiment.,"(['Jovan Adepo', 'Wyatt Russell', 'Mathilde Ollivier', 'Pilou Asbæk', 'John Magaro'],)","['/odm9gOtQBYrV3nUtCM2mq1sQABM.jpg', '/f759e6y7uhobWRCmD0O21cBmjBA.jpg', None, '/r0Z1eqyYcJYGy0x9MqgIKDHUrHG.jpg', '/v1SUpbMcu46dRBACoTnzkdfBgIn.jpg']"
/wrFpXMNBRj2PBiN4Z5kix51XaIZ.jpg,A Star Is Born,332562,135,36000000,10/3/2018,Drama,Seasoned musician Jackson Maine discovers—and falls in love with—struggling artist Ally. She has just about given up on her dream to make it big as a singer—until Jack coaxes her into the spotlight. But even as Allys career takes off the personal side of their relationship is breaking down as Jack fights an ongoing battle with his own internal demons.,"(['Bradley Cooper', 'Lady Gaga', 'Sam Elliott', 'Andrew Dice Clay', 'Dave Chappelle'],)","['/z5LUl9bljJnah3S5rtN7rScrmI8.jpg', '/4VogV8IgKrFYoVyjNuu5la1oMNp.jpg', '/f2AxZZ6d0Cit0tmf6wYTHcGfwT9.jpg', '/1KzjDfy2r0Q8HUiEYfLvrOqVWH0.jpg', '/qrJzigQLQ7FwrzYBLeDwvuPN63t.jpg']"
/w4ibr8R702DCjwYniry1D1XwQXj.jpg,The Girl in the Spiders Web,446807,117,43000000,10/26/2018,Drama,Lisbeth Salander and Mikael Blomkvist find themselves caught in a web of spies cyber-criminals and corrupt government officials - both in Sweden and in the United States - whom are only known as The Spider Society.,"(['Claire Foy', 'Sverrir Gudnason', 'Sylvia Hoeks', 'Lakeith Stanfield', 'Stephen Merchant'],)","['/a7ws0h1TQeoC97lBo0unFolNe4q.jpg', '/4nAiRDA3k53sCfWrR77mEm6s1af.jpg', '/wKC9LgqgJRCXuzs1kUKaK7Uicv.jpg', '/5AykKpsH8DMxIm144ET7fVVTQfw.jpg', '/A70Gtg3kkTeCBgtFkSRPu9qfPQu.jpg']"
/3mbJyBFsryL6wcSuEwHXvpzdOYa.jpg,Nobodys Fool,11593,110,0,12/23/1994,Drama,Sully is a rascally neer-do-well approaching retirement age. While he is pressing a workers compensation suit for a bad knee he secretly works for his nemesis Carl and flirts with Carls young wife Toby. Sullys long- forgotten son and family have moved back to town so Sully faces unfamiliar family responsibilities. Meanwhile Sullys landladys banker son plots to push through a new development and evict Sully from his mothers life.,"(['Paul Newman', 'Bruce Willis', 'Melanie Griffith', 'Jessica Tandy', 'Dylan Walsh'],)","['/bQDCw79HlOl1E1ufxUEcQLi7xfl.jpg', '/kI1OluWhLJk3pnR19VjOfABpnTY.jpg', '/rdRjFsPQDQqPE8JlDQcuT5JDpED.jpg', '/tDoTea4JEVuo8wgzkOxUpd1Drkh.jpg', '/6rOQgNjIJUqXDiM06K2hrL68Eky.jpg']"
/2uNW4WbgBXL25BAbXGLnLqX71Sw.jpg,Venom,335983,112,116000000,10/3/2018,Science Fiction,Eddie Brock is a reporter—investigating people who want to go unnoticed. But after he makes a terrible discovery at the Life Foundation he begins to transform into ‘Venom’.  The Foundation has discovered creatures called symbiotes and believes they’re the key to the next step in human evolution. Unwittingly bonded with one Eddie discovers he has incredible new abilities—and a voice in his head that’s telling him to embrace the darkness.,"(['Tom Hardy', 'Michelle Williams', 'Riz Ahmed', 'Reid Scott', 'Scott Haze'],)","['/4CR1D9VLWZcmGgh4b6kKuY2NOel.jpg', '/r4HQM2gO9Q7Ti7sJcRE4hcP8ddN.jpg', '/yWjuIP634unLBCB4XjSgmJs5QGC.jpg', '/kBAeDUDA7XJRXFLGNALlpE5d3lA.jpg', '/KiLRMH4Mzaobr7VnykbOPVQcfi.jpg']"
/bXs0zkv2iGVViZEy78teg2ycDBm.jpg,Halloween,424139,106,10000000,10/18/2018,Thriller,Laurie Strode comes to her final confrontation with Michael Myers the masked figure who has haunted her since she narrowly escaped his killing spree on Halloween night four decades ago.,"(['Jamie Lee Curtis', 'Andi Matichak', 'Nick Castle', 'Judy Greer', 'Will Patton'],)","['/c4poMDwQ0nUj81m4WPriiv96ExZ.jpg', '/7DYO1zSuXDpd44uwroqsftB7MYP.jpg', '/ecUHW93fTzJLCEZcpfvfjgNMi1o.jpg', '/ooEejsGv4loFIKnbe2arzOwWy6H.jpg', '/qpycaaWP1oUx1Wd2lMBfQtR7qDO.jpg']"
/2icwBom0t5nmOuZI9FVXF3gkMK0.jpg,The Hate U Give,470044,133,23000000,10/19/2018,Drama,Raised in a poverty-stricken slum a 16-year-old girl named Starr now attends a suburban prep school. After she witnesses a police officer shoot her unarmed best friend shes torn between her two very different worlds as she tries to speak her truth.,"(['Amandla Stenberg', 'Lamar Johnson', 'Regina Hall', 'Russell Hornsby', 'Anthony Mackie'],)","['/w1rlIXKUZFeVU1JRmZI2B6YBSk2.jpg', '/4IEsKiSsyckleKsPsiIVtAh6QDy.jpg', '/5xwv4XUND9HhJqfeTmtxmzJJJR0.jpg', '/7ikcEpOQ1FUCcKrYvg8Kdu6FjGP.jpg', '/5VGGJ0Co8SC94iiedWb2o3C36T.jpg']"
/t7ZpEIxMnxaljIeor3XB1PUX4lm.jpg,Hunter Killer,399402,122,0,10/19/2018,Action,An untested American submarine captain teams with U.S. Navy Seals to rescue the Russian president who has been kidnapped by a rogue general.,"(['Gerard Butler', 'Common', 'Michael Nyqvist', 'Mikhail Gorevoy', 'Gary Oldman'],)","['/eJn92Loeq9GzKJVkCaVEQejIq2Z.jpg', '/fYA8xm95u4papXddRvQrGRNDThF.jpg', '/bDjPDDiSna8FN5rqHdheg2wIYYo.jpg', '/rB3xI1kEqfgiT1xrKSvnelNgxZs.jpg', '/tofLS5A6lBXNjeROGvgpfe2JwaT.jpg']"
/i91mfvFcPPlaegcbOyjGgiWfZzh.jpg,First Man,369972,141,70000000,10/11/2018,History,A look at the life of the astronaut Neil Armstrong and the legendary space mission that led him to become the first man to walk on the Moon on July 20 1969.,"(['Ryan Gosling', 'Claire Foy', 'Jason Clarke', 'Kyle Chandler', 'Corey Stoll'],)","['/5rOcicCrTCWye0O2S3dnbnWaCr1.jpg', '/a7ws0h1TQeoC97lBo0unFolNe4q.jpg', '/k0wyfdMPh6TSaDKkrreuQIfg1sr.jpg', '/1un1X4SxxcSVUYEgQ0HXPPRhKcv.jpg', '/fFH3j1vap8ZmEr25rwns01NBigo.jpg']"
/8bcpki9GfXdXj9esFpPtlate8v0.jpg,Goosebumps 2: Haunted Halloween,442062,90,0,10/11/2018,Adventure,Two boys face an onslaught from witches monsters ghouls and a talking dummy after they discover a mysterious book by author R.\u202fL. Stine.,"(['Wendi McLendon-Covey', 'Madison Iseman', 'Jeremy Ray Taylor', 'Caleel Harris', 'Ken Jeong'],)","['/uEZjQVJjwzMvMkvXZu1gDKq8lA6.jpg', '/b3Jj2S2faoxKjo93csGIAUwW0YY.jpg', '/lorg5MgHUzKr5KuhZ3durEyjKtp.jpg', '/cZi0NxCQsQSEakTuOg75qukIGW6.jpg', '/rEebZHRju1WtSOdvQJB5je5ZNGj.jpg']"
/4nKoB6wMVXfsYgRZK5lHZ5VMQ6J.jpg,Smallfoot,446894,96,0,9/20/2018,Comedy,A bright young yeti finds something he thought didnt exist—a human. News of this “smallfoot” throws the simple yeti community into an uproar over what else might be out there in the big world beyond their snowy village.,"(['Channing Tatum', 'James Corden', 'Common', 'LeBron James', 'Danny DeVito'],)","['/5L7BSYbzM8iizvIrS8EaaZoDrI3.jpg', '/xGB0gfZ48M27gQjjL7inJIh1Pqj.jpg', '/fYA8xm95u4papXddRvQrGRNDThF.jpg', '/kRujqgNksQ52EJRoJA7m6fYEWM8.jpg', '/zKuyzmKzPLG7RJo7lbbHjx6CCZc.jpg']"
/lvB5TsUScfgwfjZYusjcuZ9L6oS.jpg,Mid90s,437586,84,0,10/19/2018,Comedy,Stevie is a sweet 13-year-old about to explode. His mom is loving and attentive but a little too forthcoming about her romantic life. His big brother is a taciturn and violent bully. So Stevie searches his working-class Los Angeles suburb for somewhere to belong. He finds it at the Motor Avenue skate shop.,"(['Sunny Suljic', 'Katherine Waterston', 'Lucas Hedges', 'Na-kel Smith', 'Olan Prenatt'],)","['/tzHNISvgQNiMEd6rZnbtRGvFXuy.jpg', '/zgLVX4KJJ6hTD2niGLchkzjfWpJ.jpg', '/hl5hqBETPFAj8xUu3r7kweh2pu.jpg', '/y7yymxd7tuh9vXHuj0guThDQg4A.jpg', '/hcw2V9yBVPxOvwqxuXfHjd3xt3b.jpg']"
/6ra3UlOwcPwj5euC2jbhga7IH5i.jpg,The Old Man & the Gun,429203,93,0,9/27/2018,Comedy,The true story of Forrest Tucker from his audacious escape from San Quentin at the age of 70 to an unprecedented string of heists that confounded authorities and enchanted the public.  Wrapped up in the pursuit are a detective who becomes captivated with Forrest’s commitment to his craft and a woman who loves him in spite of his chosen profession.,"(['Robert Redford', 'Casey Affleck', 'Sissy Spacek', 'Danny Glover', 'Tika Sumpter'],)","['/b4mJIBWvEyzB8yyZWbmvfzwrdtp.jpg', '/kPNMpiZHsAzeQar4DiNsrekwHBU.jpg', '/xAxenjxjLNQFq4v1ccS2to3Mnoq.jpg', '/jSNTEnm0Sxm8FRtoBfJmhmQyozH.jpg', '/Ag3YMvWtDbFITxZdc1lk1bPsR6K.jpg']"
/3FYOZYVFZz52kEzTDk3POgLscza.jpg,Saiyan Double Feature Dragon Ball Z,560356,105,0,,Comedy,A bright young yeti finds something he thought didnt exist—a human. News of this “smallfoot” throws the simple yeti community into an uproar over what else might be out there in the big world beyond their snowy village.,"(['Channing Tatum', 'James Corden', 'Common', 'LeBron James', 'Danny DeVito'],)","['/5L7BSYbzM8iizvIrS8EaaZoDrI3.jpg', '/xGB0gfZ48M27gQjjL7inJIh1Pqj.jpg', '/fYA8xm95u4papXddRvQrGRNDThF.jpg', '/kRujqgNksQ52EJRoJA7m6fYEWM8.jpg', '/zKuyzmKzPLG7RJo7lbbHjx6CCZc.jpg']"
/eonEvymAPpXvWvbBu21HYJx8VdS.jpg,Thugs of Hindostan,472138,164,3100000,11/7/2018,Adventure,After the British company’s officer Clive takes over the kingdom of Mirza Princess Zafira and Khudabaksh aka Azaad form a band of rebel pirates who swear to defeat the English officer and win their freedom back. The British Company in return hire the wily thug Firangi track Azaad’s gang and thwart his plans.,"(['Aamir Khan', 'Amitabh Bachchan', 'Katrina Kaif', 'Fatima Sana Shaikh', 'Mohammed Zeeshan Ayyub'],)","['/jYohlUVkLPFdnDryZ8V1HZkJzDt.jpg', '/9daoHX8vQrrk2oLQQdrvRV0UlE6.jpg', '/8VWJ6MI8QytWq6khqEfmBg1FcTh.jpg', '/sBMPlLbNIdqKVID1FIQVrw1wssr.jpg', '/kuyjPvLCtVCLxfzE5Pqb18zAgPw.jpg']"
/v3LJeLwLhMSWdKA7zf2HjR94htq.jpg,CIRQUE DU SOLEIL IN CINEMA: KURIOS – CABINETS OF CURIOSITIES,558130,105,0,,Science Fiction,Eddie Brock is a reporter—investigating people who want to go unnoticed. But after he makes a terrible discovery at the Life Foundation he begins to transform into ‘Venom’.  The Foundation has discovered creatures called symbiotes and believes they’re the key to the next step in human evolution. Unwittingly bonded with one Eddie discovers he has incredible new abilities—and a voice in his head that’s telling him to embrace the darkness.,"(['Tom Hardy', 'Michelle Williams', 'Riz Ahmed', 'Reid Scott', 'Scott Haze'],)","['/4CR1D9VLWZcmGgh4b6kKuY2NOel.jpg', '/r4HQM2gO9Q7Ti7sJcRE4hcP8ddN.jpg', '/yWjuIP634unLBCB4XjSgmJs5QGC.jpg', '/kBAeDUDA7XJRXFLGNALlpE5d3lA.jpg', '/KiLRMH4Mzaobr7VnykbOPVQcfi.jpg']"
/cVhfSOt7HtrkxDl2M4hVNr4ZRCC.jpg,TCM Presents: Die Hard 30th Anniversary,559551,140,0,,Thriller,Laurie Strode comes to her final confrontation with Michael Myers the masked figure who has haunted her since she narrowly escaped his killing spree on Halloween night four decades ago.,"(['Jamie Lee Curtis', 'Andi Matichak', 'Nick Castle', 'Judy Greer', 'Will Patton'],)","['/c4poMDwQ0nUj81m4WPriiv96ExZ.jpg', '/7DYO1zSuXDpd44uwroqsftB7MYP.jpg', '/ecUHW93fTzJLCEZcpfvfjgNMi1o.jpg', '/ooEejsGv4loFIKnbe2arzOwWy6H.jpg', '/qpycaaWP1oUx1Wd2lMBfQtR7qDO.jpg']"
/5IPrT71JTNxPTClpzzytRhkGTkk.jpg,Burn the Stage: The Movie,553512,85,0,11/15/2018,Documentary,Burn the Stage: The Movie is the first movie from BTS going behind-the-scenes of the BTS WINGS TOUR to reveal the full story of the band’s meteoric rise to fame.  This unmissable cinema event provides an intimate look at what happens when the most successful global boyband of all time breaks down barriers and invades the mainstream music scene.  Exclusive tour footage and brand-new one-on-one interviews with BTS members give fans an unprecedented glimpse into their lives and an opportunity for everyone to celebrate together in movie theaters worldwide.,"(['Kim Nam-joon', 'Kim Seok-jin', 'Min Yoon-gi', 'Jung Ho-seok', 'Park Ji-min'],)","['/rsKpG8i2YgIwASGpO59rDd51zXW.jpg', '/xQN1MHkT34doj7OH1IgLMP2ZGOx.jpg', '/wWM9cS0to5S7qQ1ZdxI9iRptuKq.jpg', '/iUVoiRhUrENrzYVY06bT267x26R.jpg', '/5c79lGFQrJestLejhKzRo8Jvmsj.jpg']"
/uyJgTzAsp3Za2TaPiZt2yaKYRIR.jpg,Fantastic Beasts: The Crimes of Grindelwald,338952,134,200000000,11/14/2018,Family,Gellert Grindelwald has escaped imprisonment and has begun gathering followers to his cause—elevating wizards above all non-magical beings. The only one capable of putting a stop to him is the wizard he once called his closest friend Albus Dumbledore. However Dumbledore will need to seek help from the wizard who had thwarted Grindelwald once before his former student Newt Scamander who agrees to help unaware of the dangers that lie ahead. Lines are drawn as love and loyalty are tested even among the truest friends and family in an increasingly divided wizarding world.,"(['Eddie Redmayne', 'Katherine Waterston', 'Alison Sudol', 'Dan Fogler', 'Jude Law'],)","['/bHipa1GkpedD32w2OIRg5axdkQ6.jpg', '/zgLVX4KJJ6hTD2niGLchkzjfWpJ.jpg', '/w0ixLYjKN5I171bQ3XSsgW3Lte3.jpg', '/75hCIe6KHpHUlJDcyoxEp035BWz.jpg', '/4077Cyuo1mw53u1gNjLyQkqeZN0.jpg']"
/4Y1AlIP3SIOTje3ky9p68XhQmHU.jpg,Instant Family,491418,120,48000000,11/16/2018,Comedy,When Pete and Ellie decide to start a family they stumble into the world of foster care adoption. They hope to take in one small child but when they meet three siblings including a rebellious 15 year old girl they find themselves speeding from zero to three kids overnight.,"(['Mark Wahlberg', 'Rose Byrne', 'Isabela Moner', 'Gustavo Quiroz Jr.', 'Julianna Gamiz'],)","['/z2wJh5n7qZRUE1y9uB8UrivAV2b.jpg', '/5Vd88XcVcZep20gWvuCGCxp5FFA.jpg', '/mT6CGpG1FRhzAGkR2mBEudMIUg8.jpg', '/am7uHxPH2VX0uH13oY9vbp6fVR3.jpg', '/njOvkRObymJohX5Dnczgisf7emF.jpg']"
/f27RTnWEc2bhVtfSlKmxxypznfR.jpg,Widows,401469,128,42000000,11/6/2018,Crime,A police shootout leaves four thieves dead during an explosive armed robbery attempt in Chicago. Their widows have nothing in common except a debt left behind by their spouses criminal activities. Hoping to forge a future on their own terms they join forces to pull off a heist.,"(['Viola Davis', 'Michelle Rodriguez', 'Elizabeth Debicki', 'Cynthia Erivo', 'Colin Farrell'],)","['/fZDYv4yIUOvnELoKzXpIWx8YNlq.jpg', '/v37VK0MNuRuJOCKPKJcZAJXRA5r.jpg', '/yUB5Q0pE7e81tYCWNkaOTdhVkWZ.jpg', '/vWLhplaio80fuv5mACLImjstg2v.jpg', '/pgMM9r5ll99RXSmz1J4sj8zaddW.jpg']"
/m110vLaDDOCca4hfOcS5mK5cDke.jpg,Ralph Breaks the Internet,404368,112,175000000,11/20/2018,Family,Taking place six years following the events of the first film the story will center on Ralphs adventures in the Internet data space when a Wi-Fi router gets plugged into the arcade as he must find a replacement part to fix Sugar Rush.,"(['John C. Reilly', 'Sarah Silverman', 'Gal Gadot', 'Taraji P. Henson', 'Alan Tudyk'],)","['/kUo2TPQp4kOWWvijvkjLl0v9PQB.jpg', '/arNzJUPRCMx3n2NSpa5vuCio3yB.jpg', '/hzt1aV8FzEJlUtiWtrGSHlcdGCx.jpg', '/rxnEvzGlRBsE94s7lC4cMAiLluH.jpg', '/6QuMtbD8kmhpwWhFKfNzEvHRLOu.jpg']"
/1NSMAaBPSbWv7sGmF8oLGMNb8Qm.jpg,Night School,454293,111,29000000,9/27/2018,Comedy,Teddy Walker is a successful salesman whose life takes an unexpected turn when he accidentally blows up his place of employment. Forced to attend night school to get his GED Teddy soon finds himself dealing with a group of misfit students his former high school nemesis and a feisty teacher who doesnt think hes too bright.,"(['Kevin Hart', 'Tiffany Haddish', 'Rob Riggle', 'Yvonne Orji', 'Mary Lynn Rajskub'],)","['/nTYKqSQzJ9VlYKgqoES7WIDHywi.jpg', '/Avmv1YY7Qscz0TyWxhqFoS7BO5f.jpg', '/bN70oUGbPMOwi30kOdCp23n75NR.jpg', '/qw4nYG9IhHHIM7R3g5FbeQwDSRf.jpg', '/icSziituw2XPBKvdgNWcyRyrJMp.jpg']"
/qM66Hv4ByAxnilr0jaqCA9uOD4Y.jpg,The House with a Clock in Its Walls,463821,106,42000000,9/15/2018,Horror,Lewis Barnavelt a shy but indomitable ten-year-old orphan goes to live with his uncle Jonathan a former entertaining magician who hides too many creepy secrets in a creaky old house with a mysterious tick-tocking heart which Jonathan is obsessed to find with the assistance of his enigmatic next-door neighbor Mrs. Zimmerman.,"(['Jack Black', 'Cate Blanchett', 'Owen Vaccaro', 'Kyle MacLachlan', 'Renée Elise Goldsberry'],)","['/vMXgtzMdt2jSAjOECFQ5F53blbr.jpg', '/5HikVWKfkkUa8aLdCMHtREBECIn.jpg', '/pNTtj9L4eVQQIb6o79D0dJC87HS.jpg', '/7DnMuDlSdpycAQQxOIDmV66qerc.jpg', '/bNHksD4bZxWhNUIW5mwLgPWc30G.jpg']"
/aIYsjQM0piKc0ibPBCTWv3sqshj.jpg,A Simple Favor,484247,117,20000000,9/13/2018,Thriller,Mommy vlogger Stephanie joins her best friend Emily’s husband Sean to investigate her sudden disappearance from their small town.,"(['Anna Kendrick', 'Blake Lively', 'Henry Golding', 'Andrew Rannells', 'Linda Cardellini'],)","['/azYQijqqcbYAKnRtSrwMWUgcNvz.jpg', '/6se81Ga8zgloNJfb33kZyadzCqi.jpg', '/iiTLFGXgMrobajYvgpvZxQNqFvy.jpg', '/59jrwCCeVmKklDD0jmK3U7KwVi1.jpg', '/iwmPwZARlFIKOqwEVuYIgPOc4WX.jpg']"
/4tjyPwIqeYzho7fHWqBKIn2gyWg.jpg,Hell Fest,429476,89,0,9/27/2018,Horror,On Halloween night at a horror theme park a costumed killer begins slaying innocent patrons who believe that its all part of the festivities.,"(['Amy Forsyth', 'Reign Edwards', 'Bex Taylor-Klaus', 'Christian James', 'Roby Attal'],)","['/fYTWJ9Ejk3WY81xNB6uIoNvfUYw.jpg', '/kQNcEtPCnu683bSyGF4uV5w6ZMv.jpg', '/yMbHsA77JAQHxtWKYDoSW2vFnLu.jpg', '/I3iUTkICSDBnk08uYGljCd1uFx.jpg', None]"
/sFC1ElvoKGdHJIWRpNB3xWJ9lJA.jpg,The Nun,439079,96,22000000,9/5/2018,Horror,When a young nun at a cloistered abbey in Romania takes her own life a priest with a haunted past and a novitiate on the threshold of her final vows are sent by the Vatican to investigate. Together they uncover the order’s unholy secret. Risking not only their lives but their faith and their very souls they confront a malevolent force in the form of the same demonic nun that first terrorized audiences in “The Conjuring 2” as the abbey becomes a horrific battleground between the living and the damned.,"(['Bonnie Aarons', 'Taissa Farmiga', 'Demián Bichir', 'Jonas Bloquet', 'Charlotte Hope'],)","['/iEtWuoXKx4ZKbIWwJp1V76Heavy.jpg', '/rV2jV0sXOgZ6YQQM4T0Ed19MIT0.jpg', '/hIldnp3pj3LeDq1rVfGgVy4a7cT.jpg', '/yti6Pj05UzCIc2lLKHcpl8kNEzB.jpg', '/msYsYKt9xpQA3Ng3t1kBFROk2Yo.jpg']"
/wMq9kQXTeQCHUZOG4fAe5cAxyUA.jpg,The Predator,346910,107,88000000,9/13/2018,Science Fiction,When a kid accidentally triggers the universes most lethal hunters return to Earth only a ragtag crew of ex-soldiers and a disgruntled female scientist can prevent the end of the human race.,"(['Boyd Holbrook', 'Trevante Rhodes', 'Jacob Tremblay', 'Keegan-Michael Key', 'Olivia Munn'],)","['/531YOKa2usleWCA55t6Db4MZhT3.jpg', '/w5mqvAJ4FQAO5iZbO5Q5vv0MJ5s.jpg', '/7ePQeYnYbTSOAVxPNEN166Rr3GI.jpg', '/gqPRozx8ppAg2TSjW3ww56LnIZr.jpg', '/tWoefZSayyMpVOvg6fzaLPbEIRr.jpg']"
/1XxL4LJ5WHdrcYcihEZUCgNCpAW.jpg,Crazy Rich Asians,455207,121,30000000,8/15/2018,Comedy,An American-born Chinese economics professor accompanies her boyfriend to Singapore for his best friends wedding only to get thrust into the lives of Asias rich and famous.,"(['Constance Wu', 'Henry Golding', 'Michelle Yeoh', 'Gemma Chan', 'Lisa Lu'],)","['/9vOl1928QXXdl3yWAUbjSeaNUF9.jpg', '/iiTLFGXgMrobajYvgpvZxQNqFvy.jpg', '/OhW6BfeZBRn7iupeI8elngV2EN.jpg', '/iSdKh6NAhu6jOSsOdM8SQIVkYbf.jpg', '/cMmnEKqgUNrZq5v82nTqnE7m5KY.jpg']"
/tIyqAObXHVHpJmbpun95d5iYlMx.jpg,White Boy Rick,438808,116,0,9/14/2018,Drama,The story of teenager Richard Wershe Jr. who became an undercover informant for the police during the 1980s and was ultimately arrested for drug-trafficking and sentenced to life in prison.,"(['Richie Merritt', 'Matthew McConaughey', 'Jennifer Jason Leigh', 'Bel Powley', 'RJ Cyler'],)","['/9guamI0YrLggrGjVSth9OnUrhRQ.jpg', '/jdRmHrG0TWXGhs4tO6TJNSoL25T.jpg', '/3OlL9li7qmfXQYEtmpOm34V1huY.jpg', '/AmrkQaeZoDJ7EB6GIHQZudaOMh7.jpg', '/9baPsx4DJn2vy7AOfcfEe6IH5JN.jpg']"
/jrzxS0vcbzIIay1sdYm0rgI2QfJ.jpg,Peppermint,458594,102,25000000,9/6/2018,Action,A grieving mother transforms herself into a vigilante following the murders of her husband and daughter eluding the authorities to deliver her own personal brand of justice.,"(['Tate Birchmore', 'Jennifer Garner', 'John Gallagher Jr.', 'John Ortiz', 'Juan Pablo Raba'],)","['/1bpQbtADVgOYLbBzWvY5Y7oYMr5.jpg', '/ipLvpX5cE4onFxysARCodQ0EjCD.jpg', '/gu0DsNnl9oQGREKRWnNdbXGAuRE.jpg', '/6EXZm45aPUOERq2rCrUnkz3sGoc.jpg', '/q6AuzeDotjcc02eVinV5ubzdNsA.jpg']"
/783vbPefbFReMBRwbwD3HQkxGEr.jpg,My Hero Academia the Movie: The Two Heroes,505262,90,0,8/3/2018,Animation,The story follows right before the first semester ends and the whole class is going on a field trip. However All Might and Midoriya are invited to an event on a island thats all about studying quirks. There Midoriya meets Melissa a girl who is quirkless. He finds a connection in this girl and sees his past self so they become quick friends. It seems for once everything is going right on this trip or is it?,"(['Daiki Yamashita', 'Nobuhiko Okamoto', 'Kenta Miyake', 'Yuuki Kaji', 'Ayane Sakura'],)","['/w0pV7RKHWH2IT1wqayFAWGgZTjr.jpg', '/zvpYZK2Z9onc4ZySVaqIpshajZ7.jpg', '/beyeg66PFFCqT622rS20vEkRpve.jpg', '/f8IGsmxY9SAWXDRYjL0NSLiiNNp.jpg', '/wpd03UXe4t9cMwyoeB0vc4idNUI.jpg']"
/3gLss4wothgekJZACt9WRYjQUBw.jpg,The Trump Prophecy,548887,None,0,10/2/2018,Drama,The true story about fireman and public servant Mark Taylor who heard a special message from God about change in our nation. When Mary Colbert a networker and connector of Christian ministries heard Marks message she felt called to start a national prayer movement which grew to thousands of people across our nation praying together for the leadership of America and a return to the Godly principles we were founded upon. The Trump Prophecy tells the story of Mark Taylor and Mary Colbert through the election of 2016 followed by a reflective time hearing from leaders in various sectors of faith business finance military and world affairs who respond with their perspective on what it takes to make America great again.,"(['Chris Nelson', 'Paulette Todd', 'Karen Boles', 'Don Brooks', 'Michael Everett Johnson'],)","[None, None, None, None, None]"
/vaG8pDRoyDoYEOA0dwWEIQFu38E.jpg,The Dawn Wall,489471,100,0,10/4/2018,Documentary,In the middle of Yosemite National Park towers El Capitan a huge block of granite whose smoothest side the Dawn Wall is said to be the most difficult rock climb in the world. Tommy Caldwell didn’t see inhospitable terrain but rather a puzzle almost a kilometer tall. In The Dawn Wall we follow him and Kevin Jorgeson in their historic ascent to the summit.,"(['Tommy Caldwell', 'John Branch', 'Kevin Jorgeson'],)","['/lYQ3KWokL7eX2IuVqKilIb7dYGi.jpg', None, None]"
/oSMIKsznGYzGfdl611kgEJF889.jpg,MFKZ,461615,90,0,5/23/2018,Science Fiction,Angelino is just one of thousands of deadbeats living in Dark Meat City. But an otherwise unremarkable scooter accident caused by a beautiful mysterious stranger is about to transform his life... into a waking nightmare! He starts seeing monstrous forms prowling around all over the city... Is Angelino losing his mind or could an alien invasion really be happening this quietly...?,"(['Orelsan', 'Gringe', 'Kelly Marot', 'Rédouanne Harjane', 'Féodor Atkine'],)","[None, None, '/mHAbRulOUu2Fmgbflznk9F3KfEM.jpg', None, '/cf50q5tFxLlp6rlSyG96AlhZrfi.jpg']"
/iNtFgXqXPRMkm1QO8CHn5sHfUgE.jpg,Bad Times at the El Royale,446021,141,0,10/4/2018,Thriller,Seven strangers each with a secret to bury meet at Lake Tahoes El Royale a rundown hotel with a dark past in 1969. Over the course of one fateful night everyone will have a last shot at redemption.,"(['Jeff Bridges', 'Cynthia Erivo', 'Dakota Johnson', 'Jon Hamm', 'Chris Hemsworth'],)","['/xms1RAY6q7Lzp7wNeRCB0kzhucn.jpg', '/vWLhplaio80fuv5mACLImjstg2v.jpg', '/vxtcQpC6ru8uWkse6LegBQjk4zT.jpg', '/wb14AA6u8dqA0XNweRIeKXatzzc.jpg', '/lrhth7yK9p3vy6p7AabDUM1THKl.jpg']"
/1F5UinzVPKXm7GJrHR6j4Sg1rqp.jpg,Gosnell: The Trial of Americas Biggest Serial Killer,537751,93,0,10/12/2018,Drama,The story of the investigation and trial of abortion provider Dr Kermit Gosnell.,"(['Dean Cain', 'Nick Searcy', 'Earl Billings', 'Janine Turner', 'Grace Montie'],)","['/cICjOmo5KZWdfJLBvIExDE6Ma5f.jpg', '/v9GX9SeQsWwAzRIw5RUB0eG8VT8.jpg', '/rboYbjPjmgKaBgkEYr3l4QvM88Q.jpg', '/52pvn7fi9siuBGwntyklTHpHxCI.jpg', '/5rJEDxS6SLKIORNvytEulZi4hdU.jpg']"
/eyWICPcxOuTcDDDbTMOZawoOn8d.jpg,The Meg,345940,114,150000000,8/9/2018,Action,A deep sea submersible pilot revisits his past fears in the Mariana Trench and accidentally unleashes the seventy foot ancestor of the Great White Shark believed to be extinct.,"(['Jason Statham', 'Li Bingbing', 'Rainn Wilson', 'Cliff Curtis', 'Winston Chao'],)","['/PhWiWgasncGWD9LdbsGcmxkV4r.jpg', '/hAUy6dsBkDCJspQ3DlqmysFpW6P.jpg', '/Adq8cYhhzmSYRwMWDTc7O53L7FR.jpg', '/dkSlTaKKe0uaKKAscVaSHlGq4g3.jpg', '/tWJmyWO2lS7WHEN0MQQhijS9EUp.jpg']"
/AkJQpZp9WoNdj7pLYSj1L0RcMMN.jpg,Mission: Impossible - Fallout,353081,148,178000000,7/13/2018,Action,When an IMF mission ends badly the world is faced with dire consequences. As Ethan Hunt takes it upon himself to fulfill his original briefing the CIA begin to question his loyalty and his motives. The IMF team find themselves in a race against time hunted by assassins while trying to prevent a global catastrophe.,"(['Tom Cruise', 'Rebecca Ferguson', 'Michelle Monaghan', 'Ving Rhames', 'Henry Cavill'],)","['/3oWEuo0e8Nx8JvkqYCDec2iMY6K.jpg', '/2vrnA7cg6D7EmOlwivGsuHnk2f9.jpg', '/cBgXouF01o5k0TxBnvD2LCGy0xL.jpg', '/8nS83GOu0iqxjL2Oj2DgwkAceFQ.jpg', '/hErUwonrQgY5Y7RfxOfv8Fq11MB.jpg']"
/nlIdPeH5IrR1qRErschnVQeZAQu.jpg,Operation Finale,493551,124,24000000,8/29/2018,Drama,In 1960 a team of Israeli secret agents is deployed to find Adolf Eichmann the infamous Nazi architect of the Holocaust supposedly hidden in Argentina and get him to Israel to be judged.,"(['Oscar Isaac', 'Ben Kingsley', 'Mélanie Laurent', 'Peter Strauss', 'Nick Kroll'],)","['/5THRQFToENORTQkU9qTZTiW31EZ.jpg', '/2Eu3j31JDJek70ZXLY6xfeUaJoR.jpg', '/juae7HsETuNvirPUWoSu1j7jnRn.jpg', '/ufx1trct43k7UcT4DpoIMPZXi5A.jpg', '/puZov7sMmuVkvdqJvmlxtWcS1fU.jpg']"
/x2I7eZNMDZKPUFM6QuKkmHKZDQm.jpg,Christopher Robin,420814,104,75000000,8/2/2018,Animation,Christopher Robin now an adult focused on his life work and family suddenly meets his old friend Winnie the Pooh so must embrace again his forgotten childhood to help him find the path to the Hundred Acre Wood and find out the whereabouts of his lost friends who have mysteriously disappeared while he is torn between the love for his family and the annoying demands of his employer who is forcing him to take harsh decisions.,"(['Ewan McGregor', 'Hayley Atwell', 'Bronte Carmichael', 'Jim Cummings', 'Brad Garrett'],)","['/pTyXmuOIcbzkwxstOKBqMoGStFg.jpg', '/6BhmZl0BaC0qTamFH7n4hfjqMqY.jpg', None, '/i9frXvIJsGtoFikBEFVqE7uN8Bq.jpg', '/wXihtlnIvqP2oSNj33hiorDd3v9.jpg']"
/pk9R56ZFlofbBzfwBnHlDyg5DMs.jpg,Searching,489999,103,1000000,8/24/2018,Drama,After David Kims 16-year-old daughter goes missing a local investigation is opened and a detective is assigned to the case. But 37 hours later and without a single lead David decides to search the one place no one has looked yet where all secrets are kept today: his daughters laptop.,"(['John Cho', 'Michelle La', 'Debra Messing', 'Joseph Lee', 'Sara Sohn'],)","['/w1ZE6GBbNweXKmTIGoe32ZQMtpL.jpg', '/aOa8hLwkIB4FyRwi7c9R67bx0qO.jpg', '/A87HxGVvpplzGcvSAEjOfnNQ4KU.jpg', '/77OZFr81qHDJl9JE9xAnsMj7Iuo.jpg', '/8nfPK3sFpHzw0uu66LmTK9HcQ5G.jpg']"
/afdZAIcAQscziqVtsEoh2PwsYTW.jpg,Alpha,399360,97,51000000,8/17/2018,Adventure,In the prehistoric past Keda a young and inexperienced hunter struggles to return home after being separated from his tribe when bison hunting goes awry. On his way back he will find an unexpected ally.,"(['Kodi Smit-McPhee', 'Jóhannes Haukur Jóhannesson', 'Marcin Kowalczyk', 'Jens Hultén', 'Natassia Malthe'],)","['/vJLSwYtJH8NHEUDh508XxewnrjD.jpg', '/oqZftP0WS1rD5NFpR7vLp6JU52I.jpg', '/6BfCJOrOc3dmnxlydXQKJdXCGSf.jpg', '/3dgP1WpqlKoKhC8GntrKAB3ozFB.jpg', '/9LuAHAshJ585iaXBxVpXVJIlC0D.jpg']"
/rWxkur51srfVnMn2QOFjE7mbq6h.jpg,The Happytime Murders,412988,91,40000000,8/22/2018,Action,When the puppet cast of a 90s childrens TV show begins to get murdered one by one a disgraced LAPD detective-turned-private eye puppet takes on the case.,"(['Melissa McCarthy', 'Elizabeth Banks', 'Maya Rudolph', 'Leslie David Baker', 'Joel McHale'],)","['/nRNMJlqR33j84cGdB0RxstV3NYm.jpg', '/t6sfUzvQkMZu3wh4LMNBFxEmiDy.jpg', '/qLDuXku39c4uwVf3h2GjFqwZqik.jpg', '/9h3xlV5IYqKinlQCW1ouU7sjwWF.jpg', '/1oGLtQZPQs2K8JJZ5OhvHT6u3Cz.jpg']"
/55W6mUVv4CXMMQHHhV2zXtLSpXQ.jpg,BlacKkKlansman,487558,135,15000000,7/30/2018,Crime,Ron Stallworth an African-American police officer from Colorado successfully manages to infiltrate the local Ku Klux Klan and become the head of the local chapter.,"(['John David Washington', 'Adam Driver', 'Topher Grace', 'Alec Baldwin', 'Jasper Pääkkönen'],)","['/feD4iQF7dug3oZDLYZgXBscJ1gM.jpg', '/rsjwgpV2OukxOJ9HEiEyf4qu1vR.jpg', '/oJQxl4DG0KSCtOGrpWNhYz9gUZA.jpg', '/zFtp13AZyPbqbj6yHujPWHO5ioh.jpg', '/aZZy9NQEZdhlXWS2i8N00gxW6LU.jpg']"
/2L8ehd95eSW9x7KINYtZmRkAlrZ.jpg,Mile 22,347375,95,35000000,8/16/2018,Action,An elite group of American operatives aided by a top-secret tactical command team must transport an asset who holds life-threatening information to an extraction point 22 miles away through the hostile streets of an Asian city.,"(['Mark Wahlberg', 'Lauren Cohan', 'Iko Uwais', 'John Malkovich', 'Ronda Jean Rousey'],)","['/z2wJh5n7qZRUE1y9uB8UrivAV2b.jpg', '/5W4AV3ZXn38NlEMqPy9QPjwRRz8.jpg', '/88pugc3eLWksrR4AcufCEnCsQ7J.jpg', '/tCtiWZbKKRgHhLxFCIPfveYAsdc.jpg', '/5eGHTV1bLOdajC4Z3pnIdSiptSG.jpg']"
/x1txcDXkcM65gl7w20PwYSxAYah.jpg,Incredibles 2,260513,118,200000000,6/14/2018,Action,Elastigirl springs into action to save the day while Mr. Incredible faces his greatest challenge yet – taking care of the problems of his three children.,"(['Craig T. Nelson', 'Holly Hunter', 'Sarah Vowell', 'Huck Milner', 'Samuel L. Jackson'],)","['/gQOdZNaAqvYTY48iXwkKm1zbHyS.jpg', '/2l33LH3IrDsz1p8FMp1tVYw4gUN.jpg', '/k9zkjShni0FFCPGxWzV959bFUVq.jpg', '/aUAx2GS4Qy5qZwegQMsv3dkeUAs.jpg', '/AvCReLikjzYEf9XjTQxbv3JWgKT.jpg']"
/ly5apPeAgRKSqZV0iLkuXXs2Hsy.jpg,Moses,2719,182,0,12/20/1995,Drama,An ordinary man is called upon by God to do the impossible in this lovingly told production of the Old Testament story. When the Pharaoh of Egypt begins to tighten the noose on his Jewish slaves Moses Ben Kingsley leads them to freedom. Philip Stone Anthony Higgins Anton Lesser and Anita Zagaria are featured in this award-winning installment from TNT\s greatest stories of the Bible series directed by Roger Young.,"(['Ben Kingsley', 'Frank Langella', 'Christopher Lee', 'Anna Galiena', 'Enrico Lo Verso'],)","['/2Eu3j31JDJek70ZXLY6xfeUaJoR.jpg', '/wMlcjLBQouQjE0iceseNTxUF3BF.jpg', '/yzE2U4sS46sVRyCUKpgs3lYZaMy.jpg', '/958wVgr0CXvMu1pMWwIT8XpAa2U.jpg', '/riYINKQIv8mxYwtfj0L899K0iPu.jpg']"
/x0anYeapUCJFjYmTaDHP00CaYEB.jpg,Unbroken: Path to Redemption,506680,98,0,9/14/2018,Drama,Zamperini returns to California where he wound up marrying Cynthia Applewhite while wrestling with untreated PTSD suffering constant nightmares angry bitter and deeply depressed his wife convinces Zamperini to attend the 1949 Billy Graham Crusade.,"(['Samuel Hunt', 'Merritt Patterson', 'Bob Gunton', 'Will Graham', 'David Sakurai'],)","['/xlwW9GzZxI8zyYzAP34PxdoLqYv.jpg', '/kN1LkLj3TF3GMwDkTrx5ZcJtXX5.jpg', '/b3NfI0IzPYI40eIEtO9O0XQiR8j.jpg', '/5i2DnIqdo88bFKuaqx7560k8kRO.jpg', '/kC0o7PEqRLb6iciL7Y3MjMxh1dw.jpg']"
/4k6yXnNIqXDjWkFGOrmOTrDzdKP.jpg,Dragon Ball Z: Broly - Second Coming,44251,48,0,3/12/1994,Action,The film opens with a Saiyan Space pod flying through space and crash-landing on Earth out of which a wounded Saiyan crawls out: Broly the Legendary Super Saiyan. The wounded Broly shouts out in frustation and turns into normal form. The place soon freezes trapping him in it and he falls into a coma.,"(['Masako Nozawa', 'Takeshi Kusao', 'Bin Shimada', 'Yuuko Minaguchi', 'Mayumi Tanaka'],)","['/5vf5AbB3ElUrkhSgSJxsBvTfyH5.jpg', '/8IG3iCbOJGQPINr2Xud3ple1cVQ.jpg', '/eEYhJdpiL9lo9U5XnRFg1OFJ22E.jpg', '/pFppi36nefwHTXzLGLcwKMDjZrn.jpg', '/rGUGLXCbdEb3KO7lRmLg0szNn4k.jpg']"
/vZYGLqVV4qnAknyxnFrhDQNl1SS.jpg,Fahrenheit 9/11,1777,123,6000000,6/25/2004,Documentary,Michael Moores view on what happened to the United States after September 11; and how the Bush Administration allegedly used the tragic event to push forward its agenda for unjust wars in Afghanistan and Iraq.,"(['Michael Moore', 'George W. Bush', 'Ben Affleck', 'Stevie Wonder', 'Al Gore'],)","['/b44FupQ50ND6CpNCYkGRRu5THv4.jpg', '/8X7iJym7kDUBMFxsk6RPhWpFz3q.jpg', '/rjGdI8f7MyGXg4kpTrA0ZZq1QX8.jpg', '/wtuWq8CCBxpEXqvKevsXRQ14HSs.jpg', '/coo3dI3upX7j1q4bYeQC2CG0vPt.jpg']"
/usunF9TM1LQJ47eRBcitBsGRBFx.jpg,Life Itself,250766,121,0,7/4/2014,Documentary,Life Itself recounts the surprising and entertaining life of renowned film critic and social commentator Roger Ebert. The film details his early days as a freewheeling bachelor and Pulitzer Prize winner his famously contentious partnership with Gene Siskel his life-altering marriage and his brave and transcendent battle with cancer.,"(['Roger Ebert', 'Werner Herzog', 'Martin Scorsese', 'Errol Morris', 'Ava DuVernay'],)","['/cN31T08VZbXoAOn3xgwBuiqmkZy.jpg', '/uzVcWEmasjz1Wl7w5mBF5vmmHlK.jpg', '/4Xwx5XL1RJj0JQmEo8Fhr6nkpOg.jpg', '/6ck4ws1yMg3oLlZmdONi8T35aSU.jpg', '/aPqljM4HgoqAAK4xNw5mxbF0dRp.jpg']"
/vzI4gNJDUwWgmNDSBWxYoeGkIEY.jpg,Mamma Mia! Here We Go Again,458423,113,75000000,7/18/2018,Comedy,Five years after meeting her three fathers Sophie Sheridan prepares to open her mother’s hotel. In 1979 young Donna Sheridan meets the men who each could be Sophie’s biological father.,"(['Amanda Seyfried', 'Lily James', 'Christine Baranski', 'Julie Walters', 'Pierce Brosnan'],)","['/rkMBMJyRekUnZf59ipVRrtw74xk.jpg', '/u9zPdel4aM47dM0G4jajCIC7RSU.jpg', '/rl9LXr9wHMNYbcIr8yWfAhZLoAZ.jpg', '/AqzmmXnlMervwvb9pHlvOZbC1xs.jpg', '/1JXL0zrA26JjdoX8sqf57fJRDVM.jpg']"
/gjAFM4xhA5vyLxxKMz38ujlUfDL.jpg,Hotel Transylvania 3: Summer Vacation,400155,97,80000000,6/28/2018,Family,Dracula Mavis Johnny and the rest of the Drac Pack take a vacation on a luxury Monster Cruise Ship where Dracula falls in love with the ship’s captain Ericka who’s secretly a descendant of Abraham Van Helsing the notorious monster slayer.,"(['Adam Sandler', 'Andy Samberg', 'Selena Gomez', 'Kevin James', 'David Spade'],)","['/tv9V6QsuZ3bcp4ciUJjwjcc4qAg.jpg', '/gneiMN0OldoxNfmu6dkcBEy0u2k.jpg', '/iD7KizfexCV7TlujWbxFI6AJeei.jpg', '/bve9CJ1xHvyyHSH4LsasG0eEQaW.jpg', '/tamKFAKdB1Q2mllHYHXxqg3YUXr.jpg']"
/cQvc9N6JiMVKqol3wcYrGshsIdZ.jpg,The Equalizer 2,345887,122,62000000,7/19/2018,Thriller,Robert McCall who serves an unflinching justice for the exploited and oppressed embarks on a relentless globe-trotting quest for vengeance when a long-time girl friend is murdered.,"(['Denzel Washington', 'Pedro Pascal', 'Ashton Sanders', 'Orson Bean', 'Bill Pullman'],)","['/semwsON3dN3np6cyzlCw7F2YDGe.jpg', '/wAkkWX9J4n1MsLGxJxXSPvjWuzY.jpg', '/eONLhaBvc3IyhWsfwdIdbRnbK9M.jpg', '/mFClcHz7Tn9iaT0qkuGYXxcszeV.jpg', '/pIpTEQVbDif8m8OdjAxQKNCj0D6.jpg']"
/rv1AWImgx386ULjcf62VYaW8zSt.jpg,Ant-Man and the Wasp,363088,119,140000000,7/4/2018,Action,Just when his time under house arrest is about to end Scott Lang puts again his freedom at risk to help Hope van Dyne and Dr. Hank Pym dive into the quantum realm and try to accomplish against time and any chance of success a very dangerous rescue mission.,"(['Paul Rudd', 'Evangeline Lilly', 'Michael Peña', 'Walton Goggins', 'Bobby Cannavale'],)","['/8eTtJ7XVXY0BnEeUaSiTAraTIXd.jpg', '/h8Lerr3D362n1jZvywtbvUzgBIN.jpg', '/oqlIKSglghuX7kSTalODn71nlOd.jpg', '/gA5nf2alzIPPjs1MSjS1PmrCedJ.jpg', '/o3xnmePoOUCw7sjoZ4xM4W5DL26.jpg']"
/mFHihhE9hlvJEk2f1AqdLRaYHd6.jpg,Teen Titans Go! To the Movies,474395,84,10000000,7/27/2018,Family,It seems that all the major superheroes out there are starring in their own movies -- all but the Teen Titans. Robin is bound and determined to remedy that situation by becoming a star instead of a sidekick. With a few madcap ideas and a song in their hearts the Teen Titans head to Hollywood to fulfill their dreams. Things soon go awry however when a supervillain plans to take over the planet -- putting the very fate of the young heroes on the line.,"(['Greg Cipes', 'Scott Menville', 'Khary Payton', 'Tara Strong', 'Hynden Walch'],)","['/fQe1b5nRuzSo0vBS2RfKSvPCILj.jpg', '/siBtL81DEUWujwhvvnA4r3NJpcJ.jpg', '/3iPFP4P0ZFhw90UWLpEGu8CVXOC.jpg', '/rFUZnJ4BaSaQVKW734xnUHSN9pm.jpg', '/gCHMyVwt2vlQt3AYPfoknVmklXI.jpg']"
/c9XxwwhPHdaImA2f1WEfEsbhaFB.jpg,Jurassic World: Fallen Kingdom,351286,129,170000000,6/6/2018,Action,Three years after the demise of Jurassic World a volcanic eruption threatens the remaining dinosaurs on the isla Nublar so Claire Dearing the former park manager recruits Owen Grady to help prevent the extinction of the dinosaurs once again.,"(['Chris Pratt', 'Bryce Dallas Howard', 'Rafe Spall', 'Justice Smith', 'Daniella Pineda'],)","['/gXKyT1YU5RWWPaE1je3ht58eUZr.jpg', '/7HIHalGGoJd101Wt3Y78Znfiohj.jpg', '/7ucsDEWvcMU4SpxtZEaYErPpXHh.jpg', '/9G8pKfvfbqs5fmRo0VtlHqxdVBQ.jpg', '/AdmgjO8pLFqN1H40uo7Ws4h6IyK.jpg']"
/5LYSsOPzuP13201qSzMjNxi8FxN.jpg,Skyscraper,447200,102,125000000,7/11/2018,Action,Framed and on the run a former FBI agent must save his family from a blazing fire in the worlds tallest building.,"(['Dwayne Johnson', 'Neve Campbell', 'Chin Han', 'Noah Taylor', 'Byron Mann'],)","['/kuqFzlYMc2IrsOyPznMd1FroeGq.jpg', '/8FQFKQSvrlm752DJKPtX5HBONre.jpg', '/xvMCVDvrQ2WlAB2LmkG6HAzlYag.jpg', '/dSlH0WA09dVqQhgB7LB5xn8WzD.jpg', '/aaF0PYLbw8nH54wm9vO5tJ8oyfH.jpg']"
/litjsBoiydO6JlO70uOX4N3WnNL.jpg,The First Purge,442249,97,13000000,7/4/2018,Action,To push the crime rate below one percent for the rest of the year the New Founding Fathers of America test a sociological theory that vents aggression for one night in one isolated community. But when the violence of oppressors meets the rage of the others the contagion will explode from the trial-city borders and spread across the nation.,"([""Y'lan Noel"", 'Lex Scott Davis', 'Joivan Wade', 'Mugga', 'Lauren Vélez'],)","['/hVR9aDPZUZSF4EGgGlDVST58IUA.jpg', '/1wRPphyIwofYWq7ztHr9Q2FAz8R.jpg', '/57FcULDEtQrgsD1JojHazhspg7u.jpg', '/a5z981Z6apRqniUM8EjInlrAUmI.jpg', '/xZiNlLg9E2zgRSewE1BeWUlaqYO.jpg']"
/2lIr27lBdxCpzYDl6WUHzzD6l6H.jpg,The Spy Who Dumped Me,454992,117,40000000,8/2/2018,Action,Audrey and Morgan two thirty-year-old best friends in Los Angeles are thrust unexpectedly into an international conspiracy when Audrey’s ex-boyfriend shows up at their apartment with a team of deadly assassins on his trail.,"(['Mila Kunis', 'Kate McKinnon', 'Justin Theroux', 'Sam Heughan', 'Lolly Adefope'],)","['/tyT8pGgpm7xa7y2sQfm211FXpnr.jpg', '/9zB5AND00Zw9LmcBIlHGumrC0cb.jpg', '/vnI9L0rXBAw1HeC0Q8hJGeJMGAW.jpg', '/fNq4foH7KiZVHQz20Pdu0sNQd75.jpg', '/4KZNVXHm8ZcDsDObIOFjY9gHS2L.jpg']"
/94RaS52zmsqaiAe1TG20pdbJCZr.jpg,The Darkest Minds,445651,105,34000000,8/2/2018,Science Fiction,After a disease kills 98% of Americas children the surviving 2% develop superpowers and are placed in internment camps. A 16-year-old girl escapes her camp and joins a group of other teens on the run from the government.,"(['Amandla Stenberg', 'Harris Dickinson', 'Patrick Gibson', 'Skylan Brooks', 'Mandy Moore'],)","['/w1rlIXKUZFeVU1JRmZI2B6YBSk2.jpg', '/asiOPYCbcQYYG5SbxhBYH8xOIys.jpg', '/a9NjatDHcvcmrY1cS1RtdEI7J66.jpg', '/zbQQ6QwlpHBYWEysh6KKjYQu12T.jpg', '/cLnf9oc3Z2HRZmxex78mffUfs9s.jpg']"
/huSncs4RyvQDBmHjBBYHSBYJbSJ.jpg,Slender Man,439015,93,10000000,8/10/2018,Mystery,In a small town in Massachusetts four high school girls perform a ritual in an attempt to debunk the lore of Slender Man. When one of the girls goes mysteriously missing they begin to suspect that she is in fact his latest victim.,"(['Joey King', 'Javier Botet', 'Julia Goldani Telles', 'Jaz Sinclair', 'Annalise Basso'],)","['/Al8fXl18U4AwYP4wMVkHovfXk5n.jpg', '/4u8ZkMMt5ipQgfpb81YudFW5rQG.jpg', '/2KJejR93c3ofMBRl5PdmxGGNygp.jpg', '/vHGB0jGQhQ9h01OQyQuzinW0Vgb.jpg', '/42AgzcbVBh72j0OwP04SkA4MBz2.jpg']"
/42Sv2CEjyvLW9F4wyW0zlU2wLuc.jpg,Elvis 68 Comeback Special Edition,147222,440,0,4/17/2004,Music,Featuring all the material shot for Elvis Presleys 1968 television special including the two complete jam session concerts and the two complete solo concerts which have never been released in their entirety  All takes of the material shot for the original broadcasts two big production numbers and for the shows opening and closing segments  Includes the original broadcast version of the special  Newly remastered sound and picture,"(['Elvis Presley'],)",['/6YzYARfQO9a2mCEXNhLFuqKMAW6.jpg']
/9kB56ZdMB6RgY5QtX9Bar45jCeI.jpg,A-X-L,438590,98,0,8/16/2018,Science Fiction,The life of a teenage boy is forever altered by a chance encounter with cutting edge military technology.,"(['Alex Neustaedter', 'Becky G', 'Lucy Hale', 'Thomas Jane', 'Ted McGinley'],)","['/z1d1DY7gmrpkFWAM9KuwoHKl0xD.jpg', '/tYk0MfTPfen634I0tDNuImdPi43.jpg', '/r3hs2FTSp0RvR7lB2jeqF6tNg9z.jpg', '/xAES23Ll0JT0lJADA1SIdTAN0bf.jpg', '/4a87REVZvPgTuM1WW8Sz1uzbai8.jpg']"
/9qYKrgzHbYtKej9Gvd7NxJvGiC2.jpg,Kin,425505,102,30000000,8/29/2018,Science Fiction,A young boy finds a powerful otherworldly weapon which he uses to save his older adoptive brother from a crew of thugs. Before long the two of them are also pursued by federal agents and mysterious mercenaries aiming to reclaim their asset.,"(['Myles Truitt', 'Dennis Quaid', 'Jack Reynor', 'Zoë Kravitz', 'James Franco'],)","['/7kz11gE06ExRrxW6j9Bdlr28D8z.jpg', '/fSnnQg8y1LB9yHbn2WuEcUb8i9Y.jpg', '/dQ5cqeYLlYl3tZjIXJAPuuAwMOt.jpg', '/wcl5pdFDAUyDgJ1gfQErXch6FgH.jpg', '/tTzie9cpKHxajFRqUOZBaIWGZGM.jpg']"
/msqWSQkU403cQKjQHnWLnugv7EY.jpg,Sicario: Day of the Soldado,400535,123,35000000,6/27/2018,Action,Agent Matt Graver teams up with operative Alejandro Gillick to prevent Mexican drug cartels from smuggling terrorists across the United States border.,"(['Benicio del Toro', 'Josh Brolin', 'Isabela Moner', 'Jeffrey Donovan', 'Catherine Keener'],)","['/cbkXDtNDFYHKsyQzqvzxjn7F7rX.jpg', '/x8KKnvHyPvH16M6waAnY1OeCtA8.jpg', '/mT6CGpG1FRhzAGkR2mBEudMIUg8.jpg', '/5i47zZDpnAjLBtQdlqhg5AIYCuT.jpg', '/tEBdqBUduF3dBcJcBeY5ffZ9MMu.jpg']"
/cDjAlFbpvjuxH4gFD02fqlyk6qL.jpg,Uncle Drew,474335,103,19000000,6/27/2018,Comedy,Uncle Drew recruits a squad of older basketball players to return to the court to compete in a tournament.,"(['Kyrie Irving', 'LilRel Howery', ""Shaquille O'Neal"", 'Chris Webber', 'Reggie Miller'],)","['/VyKof6Gw3ALbP1x4Hrz2v5fI0V.jpg', '/eySE2piC0ZC6s1KxpGARYaTFFj7.jpg', '/ZyJsGaqE6DxcFkdvxAoq5PfDyl.jpg', '/qUvIiiDn59Bi6p1wtOriKyQhUnr.jpg', None]"
/MvYpKlpFukTivnlBhizGbkAe3v.jpg,Oceans Eight,402900,111,70000000,6/7/2018,Crime,Debbie Ocean a criminal mastermind gathers a crew of female thieves to pull off the heist of the century at New Yorks annual Met Gala.,"(['Sandra Bullock', 'Cate Blanchett', 'Anne Hathaway', 'Mindy Kaling', 'Sarah Paulson'],)","['/bsAy8f8UZKairXQzRukU5FP4XAQ.jpg', '/5HikVWKfkkUa8aLdCMHtREBECIn.jpg', '/2VYVqs7n8Q3vpxHdXU8Q6PAI5vv.jpg', '/bZ8A6fYjn6FbiAhqHdGfFh95vLh.jpg', '/tJnhBV516yrekR3hTDUw15UMbxS.jpg']"
/eXXpuW2xaq5Aen9N5prFlARVIvr.jpg,Tag,455980,100,28000000,5/30/2018,Comedy,For one month every year five highly competitive friends hit the ground running in a no-holds-barred game of tag they’ve been playing since the first grade. This year the game coincides with the wedding of their only undefeated player which should finally make him an easy target. But he knows they’re coming...and he’s ready.,"(['Ed Helms', 'Jon Hamm', 'Jake Johnson', 'Annabelle Wallis', 'Isla Fisher'],)","['/euQxeETzWnPUqu1vm4hGtFa7zPd.jpg', '/wb14AA6u8dqA0XNweRIeKXatzzc.jpg', '/7X6pb4SDs9RoXi5gI4Nl8ZiPO4l.jpg', '/gAO4wcJSBvPfBeO4DB20CjZb3uB.jpg', '/15aRHYLwt9xJWv8PCcxV7ylc4qZ.jpg']"
/to0spRl1CMDvyUbOnbb4fTk3VAd.jpg,Deadpool 2,383498,121,110000000,5/15/2018,Action,Wisecracking mercenary Deadpool battles the evil and powerful Cable and other bad guys to save a boys life.,"(['Ryan Reynolds', 'Josh Brolin', 'Morena Baccarin', 'Julian Dennison', 'Zazie Beetz'],)","['/vYxl6lGbVPr7f8QlaSdeRLUs5PB.jpg', '/x8KKnvHyPvH16M6waAnY1OeCtA8.jpg', '/dhdQT0fMRcbg8Gi9nx7JF0oVzzr.jpg', '/ApBsNEF9JnXDJ27XLaWnRXdVCQz.jpg', '/sgxzT54GnvgeMnOZgpQQx9csAdd.jpg']"
/q1wkN4VQuBTj1AeyTLLz2w6awMA.jpg,Sanju,496328,161,21918618,6/29/2018,Drama,Sanju explores some of the most crucial chapters from movie star Sanjay Dutt’s dramatic and controversial real life. It gives a lowdown on his tryst with drugs and his trials and tribulations in the Arms Acts case and the 1993 Mumbai blasts.,"(['Ranbir Kapoor', 'Paresh Rawal', 'Vicky Kaushal', 'Anushka Sharma', 'Dia Mirza'],)","['/6gGDmr7qdTxUIx6fyljUpwIxxwd.jpg', '/xFVHMvDC8s4Ab2sLXrdVxMxZ33b.jpg', '/mqwxqtOpwuHwm3u5jbURBRxnzRB.jpg', '/vFOAxcCmbGVw1Txo10LXgOT6fbI.jpg', '/91CwX5HS7ZkVRBBo10AcheEByn9.jpg']"
/3IGbjc5ZC5yxim5W0sFING2kdcz.jpg,Solo: A Star Wars Story,348350,135,250000000,5/15/2018,Action,Through a series of daring escapades deep within a dark and dangerous criminal underworld Han Solo meets his mighty future copilot Chewbacca and encounters the notorious gambler Lando Calrissian.,"(['Alden Ehrenreich', 'Joonas Suotamo', 'Emilia Clarke', 'Woody Harrelson', 'Donald Glover'],)","['/hPbiRySz3k5XEZ3DwJtExnNTKiG.jpg', '/5JI6S5bedeOtnPBAk6QECuYdVGg.jpg', '/lRSqMNNhPL4Ib1hAJxmDFBXHAMU.jpg', '/1ecdooAHICUhCZKKEKlFtccEmTU.jpg', '/36o5mpbQVdxOf9kUxWw7SllOuk.jpg']"
/8qE8NZjiP2M884baH0VoLF828Vp.jpg,Wont You Be My Neighbor?,490003,93,0,6/8/2018,Documentary,Fred Rogers used puppets and play to explore complex social issues: race disability equality and tragedy helping form the American concept of childhood. He spoke directly to children and they responded enthusiastically. Yet today his impact is unclear. Have we lived up to Freds ideal of good neighbors?,"(['Fred Rogers', 'François Scarborough Clemmons', 'Yo-Yo Ma', 'Joe Negri', 'Kailyn Davis'],)","['/snxYO0GCETZFoto0t4EK37K35ok.jpg', None, '/3qa5GTwmV99kZLLNvKom4CHCnyO.jpg', None, None]"
/lHV8HHlhwNup2VbpiACtlKzaGIQ.jpg,Hereditary,493922,127,10000000,6/4/2018,Horror,When Ellen the matriarch of the Graham family passes away her daughter’s family begins to unravel cryptic and increasingly terrifying secrets about their ancestry.,"(['Toni Collette', 'Alex Wolff', 'Milly Shapiro', 'Gabriel Byrne', 'Ann Dowd'],)","['/jKPYgYEJAJnlbK7OJxWymsItHwH.jpg', '/hMhGWS5nB7ZGA3B1aefY39pizgm.jpg', '/cGGEVk51V3neKfqBfB0H4djfsWz.jpg', '/lFIH4De52Eg21m7pScPMXezZDUh.jpg', '/zo44U71uiMNVW1HSiOa5F9MpqIq.jpg']"
/peTl1V04E9ppvhgvNmSX0r2ALqO.jpg,Sorry to Bother You,424781,105,0,7/6/2018,Fantasy,In an alternate present-day version of Oakland black telemarketer Cassius Green discovers a magical key to professional success – which propels him into a macabre universe.,"(['Lakeith Stanfield', 'Tessa Thompson', 'Jermaine Fowler', 'Omari Hardwick', 'Terry Crews'],)","['/5AykKpsH8DMxIm144ET7fVVTQfw.jpg', '/fycqdiiM6dsNSbnONBVVQ57ILV1.jpg', '/3JySKyLm6Wx1XMza2QcrXMHbw8P.jpg', '/gW4eSrYlyFhuC4QrMD0whDxA9DS.jpg', '/p2JIlYNwjC5ASfmVXvy30DVzXyG.jpg']"
/q27yNUaEt6ohcQMEVHwvPaoKBT8.jpg,Unfriended: Dark Web,505058,92,1000000,7/19/2018,Horror,\u200bWhen a 20-something finds a cache of hidden files on his new laptop he and his friends are unwittingly thrust into the depths of the dark web. They soon discover someone has been watching their every move and will go to unimaginable lengths to protect the dark web.,"(['Colin Woodell', 'Betty Gabriel', 'Rebecca Rittenhouse', 'Andrew Lees', 'Connor Del Rio'],)","['/niBr8ODh8Lv9uSM6yNS8tWonf0K.jpg', '/448ZoIWm1NQyBS0IlJjrkSh7Noc.jpg', '/vZh4qqWaDmk5FNeKIa6QVrGLIFD.jpg', '/y62pNZXBBAHo7HtIHPrLQrNXDjW.jpg', '/jbwWXIJw7z0WuwQgVQXGKcfME4a.jpg']"
/mNqZOtJIQfFQPjo3hmYLIn8Qqhf.jpg,Princess Mononoke,128,134,26500000,7/12/1997,Adventure,,,"['/wZijOHyaFIVKJY9yfyIsusamFbv.jpg', '/ntaS0ZnY7Z3523R1ov6BsrjdVyc.jpg', '/k32uD3NkzeJHPaALp0amspIqVzc.jpg', '/ao6ahEACiVZuQAQ2ysL7DSbRwfS.jpg', '/wCoWoRUYhycGU22ZsHM83EmJxLA.jpg']"
/sxBzVuwqIABKIbdij7lOrRvDb15.jpg,Perfect Blue,10494,81,3000000,7/25/1997,Animation,,,"['/xR0wJQdBwCmfCnkxfTpNRSiKsqS.jpg', '/cjBOFOJTcg786u7w0NQVd7hicRf.jpg', '/wW5VJ3jIWn9S4OelGId5MaRzIdw.jpg', None, '/kfXIFJCXEkVzpOC18x3puDNneTd.jpg']"
/v3QyboWRoA4O9RbcsqH8tJMe8EB.jpg,Creed II,480530,130,0,11/20/2018,Drama,,,"['/4vXkRCbrquoP5Lrb4px7tubDLMC.jpg', '/gnmwOa46C2TP35N7ARSzboTdx2u.jpg', '/fycqdiiM6dsNSbnONBVVQ57ILV1.jpg', '/88MQJyzIBPyCU9wQxt7NUvwVX7r.jpg', '/hjR1tpZV5XKX8daIKmU80ZuOfMO.jpg']"
/AiRfixFcfTkNbn2A73qVJPlpkUo.jpg,Robin Hood,375588,116,0,11/20/2018,Adventure,A war-hardened Crusader and his Moorish commander mount an audacious revolt against the corrupt English crown.,"(['Taron Egerton', 'Jamie Foxx', 'Ben Mendelsohn', 'Eve Hewson', 'Jamie Dornan'],)","['/uCaPhyKAQIfEzAWWCYIrO2004CB.jpg', '/hPwCMEq6jLAidsXAX5BfoYgIfg2.jpg', '/7wuqoqwDOMi6k1Y4zNzGPPsiQKy.jpg', '/Dj3osDr5zSP7uMtBBbbUeIgRMu.jpg', '/n4vK7CuElT0YIQi93nTgk3LsYW0.jpg']"
/h70wRv6iWxiqED4orqfxcEl74Rc.jpg,Green Book,490132,130,0,11/16/2018,Drama,Tony Lip a bouncer in 1962 is hired to drive pianist Don Shirley on a tour through the Deep South in the days when African Americans forced to find alternate accommodations and services due to segregation laws below the Mason-Dixon Line relied on a guide called The Negro Motorist Green Book.,"(['Viggo Mortensen', 'Mahershala Ali', 'Linda Cardellini', 'Don Stark', 'Sebastian Maniscalco'],)","['/gYtVNMwX96fE9F0WVkdC0SGffkn.jpg', '/waUvfhRSpVe4vk0hGVcsr0dhpK6.jpg', '/iwmPwZARlFIKOqwEVuYIgPOc4WX.jpg', '/M4zP41qHZvDkIFVJ7YM6v0s7oy.jpg', '/9O5KZNiK6KCIoR15bjByvxQqJ4R.jpg']"
/vptKBlraeidlPNqnfMfQ0NG58Pw.jpg,Cyber Ninja,163586,72,0,1/1/1988,Action,A mans body and soul are stolen and used as part of a demon castle. Whats left becomes Cyber Ninja. He teams up with the chi students whose cyber-earmuffs show matching red symbols. They fill their swords with ammunition grab some neo-retro-cyber-antique guns and attack the demon robot expendable ninja squad. Each fight is won by whichever side uses more gratuitous special effects. They slay the Tron-like hover droids who are destroyed in their shame. Theres a showdown with a white-armored guy with dreadlocks who is later reincarnated by the eclipse and a lot of multicolored lightning. After killing the make-up wearing effeminate spider person the chi school fires a giant gun at the demon castle spider cyber robot. It blows up.,"(['Hanbei Kawai', 'Hiroko Ida', 'Eri Morishita', 'Makoto Yokoyama', 'Fuyukichi Maki'],)","[None, None, None, None, None]"
/ojPRZqnK8rsGIYw0esT0niKnVFW.jpg,The Possession of Hannah Grace,434555,None,0,8/23/2018,Horror,When a cop who is just out of rehab takes the graveyard shift in a city hospital morgue she faces a series of bizarre violent events caused by an evil entity in one of the corpses.,"(['Shay Mitchell', 'Grey Damon', 'Stana Katic', 'Louis Herthum', 'J.P. Valenti'],)","['/kfvtEaN66gQS8JJStG7eG1ehwmb.jpg', '/dRfRQsYwBHt0LtdGERyE9uLXI9r.jpg', '/uaoFMObLWE78gZ6Yj0lZ22c4dQn.jpg', '/90PilDP290oC7V62oFIu5zYqVGJ.jpg', None]"
/5gLDeADaETvwQlQow5szlyuhLbj.jpg,Adrift,429300,96,35000000,2018-05-31,Thriller,A true story of survival as a young couples chance encounter leads them first to love and then on the adventure of a lifetime as they face one of the most catastrophic hurricanes in recorded history.,"(['Shailene Woodley', 'Sam Claflin', 'Jeffrey Thomas', 'Elizabeth Hawthorne', 'Grace Palmer'],)","['/kkLbiTlBGNwJL9qHuVHeqCMNrEx.jpg', '/8DVC5uMFX00G0sLIE0bBaF6nC3U.jpg', '/10ip8Fxn0LuVbsQiGjskw3hmXp9.jpg', '/9hpeYdVRmQ3MoeWYqHR2e642av2.jpg', '/jtMCG7F7Ex4WQRtTefwgBPxmvTS.jpg']"
/7WsyChQLEftFiDOVTGkv3hFpyyt.jpg,Avengers: Infinity War,299536,149,300000000,2018-04-25,Adventure,As the Avengers and their allies have continued to protect the world from threats too large for any one hero to handle a new danger has emerged from the cosmic shadows: Thanos. A despot of intergalactic infamy his goal is to collect all six Infinity Stones artifacts of unimaginable power and use them to inflict his twisted will on all of reality. Everything the Avengers have fought for has led up to this moment - the fate of Earth and existence itself has never been more uncertain.,"(['Robert Downey Jr.', 'Chris Hemsworth', 'Mark Ruffalo', 'Chris Evans', 'Scarlett Johansson'],)","['/1YjdSym1jTG7xjHSI0yGGWEsw5i.jpg', '/lrhth7yK9p3vy6p7AabDUM1THKl.jpg', '/z3dvKqMNDQWk3QLxzumloQVR0pv.jpg', '/kRlx7PxXkom7Daj8Z2HmcbPQB1o.jpg', '/tHMgW7Pg0Fg6HmB8Kh8Ixk6yxZw.jpg']"
/6ORGBbOA45pfKQXvntPf46NoFGO.jpg,Book Club,502682,104,10000000,2018-05-18,Comedy,Four lifelong friends have their lives forever changed after reading Fifty Shades of Grey in their monthly book club.,"(['Diane Keaton', 'Jane Fonda', 'Candice Bergen', 'Mary Steenburgen', 'Craig T. Nelson'],)","['/a8jyFmJoOWcaEHG0Ipgcg2E1BgK.jpg', '/y1QtAxHn8XOi4cHzDRJUuvK3aFp.jpg', '/w1ldgTc67oVsaeYvuJKlbR9UOL.jpg', '/yJhfuqS3yXW7kLSyvRU6n3b35mq.jpg', '/gQOdZNaAqvYTY48iXwkKm1zbHyS.jpg']"
/8fDtXi6gVw8WUMWGT9XFz7YwkuE.jpg,Upgrade,500664,100,5000000,2018-06-01,Action,A brutal mugging leaves Grey Trace paralyzed in the hospital and his beloved wife dead. A billionaire inventor soon offers Trace a cure — an artificial intelligence implant called STEM that will enhance his body. Now able to walk Grey finds that he also has superhuman strength and agility — skills he uses to seek revenge against the thugs who destroyed his life.,"(['Logan Marshall-Green', 'Betty Gabriel', 'Harrison Gilbertson', 'Simon Maiden', 'Benedict Hardie'],)","['/sYFUCO6RxYFbwfAbHf9wgCC2AQl.jpg', '/448ZoIWm1NQyBS0IlJjrkSh7Noc.jpg', '/4Dn0yyZxzO4NBYOxLN6oJ3pKpg.jpg', '/w2SahJdB4BCDKGvn7zrYF9JBcVo.jpg', '/sTQ1Q61OVayXxVSnUpWx11QwVQL.jpg']"
/749iUAWQWeutQuTd9excjmigecw.jpg,Life of the Party,399796,105,30000000,2018-05-10,Comedy,Dumped by her husband longtime housewife Deanna turns regret into reset by going back to college. Winding up at the same school as her daughter Deanna plunges headlong into the campus experience – embracing fun freedom and frat boys.,"(['Melissa McCarthy', 'Molly Gordon', 'Gillian Jacobs', 'Maya Rudolph', 'Julie Bowen'],)","['/nRNMJlqR33j84cGdB0RxstV3NYm.jpg', '/9mmeQlkL4QB37RsqqBqC3tBpwOM.jpg', '/rBnhe5vhNPnhRUdtYahBWx90fJM.jpg', '/qLDuXku39c4uwVf3h2GjFqwZqik.jpg', '/ad7u7IYpUZbhQPdzQ688fCSk0OX.jpg']"
/5lqJx0uNKrD1cEKgaqF1LBsLAoi.jpg,Action Point,454283,85,19000000,2018-06-01,Comedy,A daredevil designs and operates his own theme park with his friends.,"(['Johnny Knoxville', 'Chris Pontius', 'Eleanor Worthington-Cox', 'Aidan Whytock', 'Leon Clingman'],)","['/vUultoYGh6mZraKoKPbuwkIZqRD.jpg', '/vdu1nL14zCMHjCssNqaNgHUjIqJ.jpg', '/sCK7PtBPnd2FwfZV2sIf4Zx3gLD.jpg', '/x5E1WKUP3bcIv2YAPyjKMc6Z6si.jpg', '/kkjm5VD4UpHAcfO4zvPNcZAGsFG.jpg']"
/60WQEFuSxb1K7q44ypDhknkscOm.jpg,Breaking In,497814,88,6000000,2018-05-05,Thriller,Shaun Russell takes her son and daughter on a weekend getaway to her late fathers secluded high-tech vacation home in the countryside. The family soon gets an unwelcome surprise when four men break into the house to find hidden money. After managing to escape Shaun must now figure out a way to turn the tables on the desperate thieves and save her captive children.,"(['Gabrielle Union', 'Billy Burke', 'Richard Cabral', 'Ajiona Alexus', 'Levi Meaden'],)","['/1UeaAGWmzmTPCZ9mYQVA27yTMPJ.jpg', '/89fN0eToreG678XFrMVwuwiKKoy.jpg', '/wKNdJXC66ajHXz8cUQGAaHHlcZr.jpg', '/12PwymC3sOyvXQ6YsQc4fbdM8Tc.jpg', '/wfkIFIIEo735x1jzrxwlqW9vs2X.jpg']"
/qauHzSQJdo9VYX4NKn9PdWnvXOV.jpg,Overboard,454619,112,12000000,2018-05-03,Romance,A spoiled wealthy yacht owner is thrown overboard and becomes the target of revenge from his mistreated employee. A remake of the 1987 comedy.,"(['Anna Faris', 'Eugenio Derbez', 'Eva Longoria', 'Emily Maddison', 'John Hannah'],)","['/7ppR5KBgVvdqVnDZby9ezpnRPsB.jpg', '/qbdFijrdgGKc4QKL6rL9eh6zJOP.jpg', '/z18w0MSVXaI6caYVcnv2DYOg1WV.jpg', '/dIUQDf3mHrAF0fsAISaX0ZFdD70.jpg', '/jnHc3tC8mzLbVVJD6xWGUsEzC2r.jpg']"
/nAU74GmpUk7t5iklEp3bufwDq4n.jpg,A Quiet Place,447332,91,17000000,2018-04-03,Drama,A family is forced to live in silence while hiding from creatures that hunt by sound.,"(['Emily Blunt', 'John Krasinski', 'Millicent Simmonds', 'Noah Jupe', 'Cade Woodward'],)","['/m6lrKvsHJHizkvuv7JqWj4zhOLg.jpg', '/t6Aq1dAnxtlOtdevIMqQg5ZMCpl.jpg', '/pFfp32SDwEu9JFjgcAp3qYW0pnI.jpg', '/nlYNme15ON67ofOuHMDnW3Zl42K.jpg', '/6tXfrNe9ilHeAby6Eg5tNvq5MGY.jpg']"
/2dvxCBUfDG2cAdkA921rERxhtcp.jpg,Show Dogs,425148,92,5500000,2018-05-10,Adventure,Max a macho solitary Rottweiler police dog is ordered to go undercover as a primped show dog in a prestigious Dog Show along with his human partner to avert a disaster from happening.,"(['Will Arnett', 'Ludacris', 'Natasha Lyonne', 'Jordin Sparks', 'Gabriel Iglesias'],)","['/vHCqn3SHfSV6GOWrxzEtoDaSMoU.jpg', '/xLfq9wFO6dtYuUK96hbJ8I8EKFw.jpg', '/8rhl25eCPQQFhv1Mvqe9eMP3MpS.jpg', '/sxm6XsbIpW6ZOwycvFDrY46tl7s.jpg', '/n4RRL96ftX4dYWSZyEiakbpHnz1.jpg']"
/vaZMpZOhhkKOYz0MHCx4vDABwgP.jpg,Hotel Artemis,406761,94,15000000,2018-06-07,Thriller,Los Angeles June 21st 2028. While the streets are being torn apart by riots the Nurse who runs a clandestine hospital for criminals in the penthouse of the Artemis a closed old hotel has a rough night dealing with troublemaker clients: thieves assassins someone from the past and the one who owns the place and the whole city.,"(['Jodie Foster', 'Sterling K. Brown', 'Sofia Boutella', 'Jeff Goldblum', 'Brian Tyree Henry'],)","['/ubEymAa3EiroOwg9lptX08nwxAh.jpg', '/l0Zth6GbkZbMpyl52RPMCO7GQA5.jpg', '/btLeUFNIGTxG7FecTMRztSALj6L.jpg', '/kcyEPgYtBP5Pm6LLeLGfXKjYovL.jpg', '/1h4sYFAc1inxcV0Ljrl5v2mMskI.jpg']"
/gGk9H5PVpWzbsYkmnBeKevQkwwf.jpg,SuperFly,500475,107,16000000,2018-06-13,Action,Career criminal Youngblood Priest wants out of the Atlanta drug scene but as he ramps up sales one little slip up threatens to bring the whole operation down before he can make his exit.,"(['Trevor Jackson', 'Jason Mitchell', 'Michael Kenneth Williams', 'Lex Scott Davis', 'Jennifer Morrison'],)","['/bWoRlZTQRiOoMBVR6KXdoJ9RPUp.jpg', '/eZBAmGqwG2q2bFWD3xLTLt69QAb.jpg', '/kz602V53oUw2rkHZZdQqmltLImA.jpg', '/1wRPphyIwofYWq7ztHr9Q2FAz8R.jpg', '/sqn3ySCTYw82vtW10oqrmtg3B9L.jpg']"
/yAcb58vipewa1BfNit2RjE6boXA.jpg,A Wrinkle in Time,407451,109,103000000,2018-03-08,Adventure,After the disappearance of her scientist father three peculiar beings send Meg her brother and her friend to space in order to find him.,"(['Storm Reid', 'Deric McCabe', 'Levi Miller', 'Reese Witherspoon', 'Mindy Kaling'],)","['/FNxGQJzMfPdV8NvEyuysbYT57Q.jpg', '/1B2X6gGhU9fyX99Og7muvXT8M1Q.jpg', '/n7yuMduWZpBuKHjW25X9G2miTKl.jpg', '/iWrxhy6HhTWGwtVcsLEloVzjRR5.jpg', '/bZ8A6fYjn6FbiAhqHdGfFh95vLh.jpg']"
/6vdCoMp68u6JbnlqeXEvxrTNPSm.jpg,Gotti,339103,110,10000000,2018-06-14,Crime,John Gotti rises to the top of the New York underworld to become the boss of the Gambino crime family. His life takes a tumultuous turn as he faces tragedy multiple trials and a prison sentence.,"(['John Travolta', 'Spencer Lofranco', 'Kelly Preston', 'Pruitt Taylor Vince', 'William DeMeo'],)","['/JSt3skdZpGPJYJixCZqH599WdI.jpg', '/i7SxEptxFjkFsVghBGIkPYQYMgu.jpg', '/kxTQVsfZkI3DdzBqutw4zZapRB.jpg', '/p3xmcGJ7IKCxw42lwQbg4WmwPTA.jpg', '/azg75yqYcEz8LNJa70oyjnMho86.jpg']"
/7Cc1gyaeeT2RTmXtr8Glh0Igcdu.jpg,Bandstand: The Broadway Musical,532183,130,0,2018-06-25,Music,1945; as America’s soldiers come home to ticker-tape parades and overjoyed families Private First Class Donny Novitski singer and songwriter returns to rebuild his life with only the shirt on his back and a dream in his heart. When NBC announces a national competition to find the nation’s next great musical superstars inspiration strikes! Donny joins forces with a motley group of fellow veterans forming a band unlike any the nation has ever seen. Along the way they discover the power of music to face the impossible find their voice and finally feel like they have a place to call home.,"(['Corey Cott', 'Laura Osnes', 'Beth Leavel', 'Robert Downey Jr.', 'Chris Hemsworth'],)","['/nBep52oW4LdFNTLBIQfZhXTurh1.jpg', '/oQgIsHtUETHMIC0ssNgiw5SgBxe.jpg', '/qikstgQTfgmpAYQoa4rL1uvzUs2.jpg', '/1YjdSym1jTG7xjHSI0yGGWEsw5i.jpg', '/lrhth7yK9p3vy6p7AabDUM1THKl.jpg']"
/lrKatYIbGPC4uMTGvd61aJoztSW.jpg,Andy Irons: Kissed by God,522538,100,0,2018-04-29,Documentary,A film about bipolar disorder and opioid addiction as seen through the life of three-time world champion surfer Andy Irons. He was the pride of Hawaii and revered around the world for his blue collar rise to fame and success. However many were unaware of his internal battles that led to his demise. As the opioid crisis rises to a national emergency in the United States the untold story of Andy’s life serves to tear down the myths associated with these two ferocious diseases.,"(['Bruce Irons', 'Lyndie Irons', 'Kelly Slater', 'Emily Blunt', 'John Krasinski'],)","[None, None, '/hzgs3mpat2FhvPzGhJBgV8BTlxY.jpg', '/m6lrKvsHJHizkvuv7JqWj4zhOLg.jpg', '/t6Aq1dAnxtlOtdevIMqQg5ZMCpl.jpg']"
